District,Model,MAE,MSE,RMSE
Ampara,ARIMA,36.561651160028106,1609.722867038097,40.12135175985596
Ampara,ExponentialSmoothing,65.74964197139532,4726.528188362957,68.74975046036863
Ampara,RandomForest,23.64857771164021,2520.5104946462884,50.204685982946735
Ampara,Prophet,42.00056062174418,2429.5203087234786,49.29016442175334
Anuradapura,ARIMA,95.98873050093414,9684.61980835155,98.41046594926553
Anuradapura,ExponentialSmoothing,212.98683562725145,47552.480074799016,218.06531148901013
Anuradapura,RandomForest,27.448536375661387,3060.080018716549,55.31799000972965
Anuradapura,Prophet,92.86133565120947,9846.24131446707,99.22822841544169
Badulla,ARIMA,139.53354646143993,20118.966829198263,141.84134386418603
Badulla,ExponentialSmoothing,388.865384864873,158265.0619894774,397.8254164699352
Badulla,RandomForest,29.67914451058201,3849.9501858884996,62.04796681510604
Badulla,Prophet,134.49752223316278,22039.409508973327,148.45675972812194
Battocolo,ARIMA,266.3928706751113,93033.89412149844,305.0145801785522
Battocolo,ExponentialSmoothing,680.8337049824992,543958.2060355268,737.5352235897122
Battocolo,RandomForest,553.6458423520925,367826.58888995624,606.487088807302
Battocolo,Prophet,258.6437020020532,96215.60400514252,310.18640203133106
Colombo,ARIMA,1368.4123311249602,1957606.2366870742,1399.1448233428425
Colombo,ExponentialSmoothing,2691.8711759628864,7516709.976342258,2741.66190044328
Colombo,RandomForest,238.53829761904765,205766.66582406845,453.61510757917716
Colombo,Prophet,1584.3914510346847,2869209.2562773875,1693.8740379016933
Galle,ARIMA,478.44498511582856,262640.55256477935,512.4846852002305
Galle,ExponentialSmoothing,724.7449255836135,561639.7105071677,749.4262542152949
Galle,RandomForest,115.98342195767196,42329.577342798395,205.74153042786085
Galle,Prophet,344.70170614187356,132332.7671604539,363.7757099648819
Gampaha,ARIMA,1103.9462213348825,1235233.0978766636,1111.4104092893244
Gampaha,ExponentialSmoothing,2293.6566202292615,5442000.679496889,2332.8096106405446
Gampaha,RandomForest,152.7525796957672,83226.17944640847,288.4894789180508
Gampaha,Prophet,1303.0303643547159,1901295.1350507839,1378.8745900373913
Hambantota,ARIMA,170.55240708620423,31243.79386647829,176.759140828638
Hambantota,ExponentialSmoothing,191.65258868634032,38900.62030054203,197.232401751188
Hambantota,RandomForest,21.619394179894183,2072.627736309057,45.52612147228289
Hambantota,Prophet,144.55268702857703,23078.481093601604,151.91603303667986
Jaffna,ARIMA,972.3199968209133,962978.789967114,981.3148271411749
Jaffna,ExponentialSmoothing,2389.3723612064355,5789520.748402133,2406.1422959588513
Jaffna,RandomForest,147.717894510582,106382.84807513245,326.16383624665144
Jaffna,Prophet,433.8774829410448,223449.35028178772,472.7042947570793
Kalminai,ARIMA,153.28833300114977,24408.918727814627,156.23353906192688
Kalminai,ExponentialSmoothing,328.91982989250323,121794.83204842481,348.9911632812854
Kalminai,RandomForest,68.45197920557112,25722.13948878946,160.38123172238534
Kalminai,Prophet,142.9902583374754,25092.790243070587,158.40703975224898
Kalutara,ARIMA,485.68151090012043,245184.87619685804,495.1614647737221
Kalutara,ExponentialSmoothing,926.1186045257313,888973.9005345819,942.8541247375343
Kalutara,RandomForest,103.39021197089949,28330.562019511188,168.31685007601345
Kalutara,Prophet,487.8427458295825,269812.94599157746,519.435218281912
Kandy,ARIMA,350.1756839929182,159080.8010107896,398.84934625844585
Kandy,ExponentialSmoothing,1248.9616199351774,1600647.596043703,1265.1670229830142
Kandy,RandomForest,185.77617328042325,61861.377600359876,248.71947571583507
Kandy,Prophet,504.89019510956706,296762.41260140593,544.759040862477
Kegalla,ARIMA,103.53674464665198,13296.725049545143,115.31142636159325
Kegalla,ExponentialSmoothing,364.22880956506043,143571.83672691925,378.90874459019716
Kegalla,RandomForest,43.00157242063492,3755.9038243440477,61.28542913567668
Kegalla,Prophet,267.1978519311625,82731.19479393808,287.630309240765
Killinochchi,ARIMA,44.75056086254083,2019.9937394504807,44.94434046073522
Killinochchi,ExponentialSmoothing,133.42089284864417,18095.99541288791,134.52135671664894
Killinochchi,RandomForest,9.575093381155881,383.75812145215065,19.589745313611168
Killinochchi,Prophet,27.78709905319674,854.0091929834275,29.223435680690034
Kurunegala,ARIMA,427.42987300284614,194152.93870399977,440.62789142767593
Kurunegala,ExponentialSmoothing,599.4853391664838,378342.3757527335,615.0954200388209
Kurunegala,RandomForest,58.33233730158728,13987.275364617068,118.26781203952775
Kurunegala,Prophet,386.21813405028075,168501.93419815108,410.48987100554757
Mannar,ARIMA,24.97192224272513,701.6936530704212,26.489500808252714
Mannar,ExponentialSmoothing,97.74956738030112,10033.751263030796,100.16861416147673
Mannar,RandomForest,10.48812037037037,685.103193132963,26.17447598583328
Mannar,Prophet,21.120859252670382,618.8656301925256,24.877010073409657
Matale,ARIMA,201.1097004501468,41010.03862505507,202.50935441370373
Matale,ExponentialSmoothing,750.6072110090541,571250.6677792751,755.8112646549237
Matale,RandomForest,38.64278661616161,6798.8336326918825,82.45504006846326
Matale,Prophet,156.25884286238337,27664.923337648273,166.32775877059208
Matara,ARIMA,223.44515337997996,51847.641163036984,227.70077110769077
Matara,ExponentialSmoothing,389.4742639755843,161101.74354846086,401.3748167840888
Matara,RandomForest,31.72520634920635,4479.713668514433,66.93066314115252
Matara,Prophet,271.78642809142684,83315.01719232982,288.64340836459405
Monaragala,ARIMA,1.4768415225860985,2.183894685018227,1.4778006242447683
Monaragala,ExponentialSmoothing,17.207702982435844,543.1549991446118,23.3056859831375
Monaragala,RandomForest,2.4948888888888896,6.236657296296297,2.4973300335150532
Monaragala,Prophet,93.51892903384947,9298.618451575707,96.42934434898801
Mulative,ARIMA,19.214576069991704,389.45521566397343,19.734619724331488
Mulative,ExponentialSmoothing,65.3308368806674,4452.931023965043,66.73028565775095
Mulative,RandomForest,6.825113756613756,266.12793284390483,16.313427991808002
Mulative,Prophet,22.365565290541056,519.0265405261493,22.78215399224027
N eliya,ARIMA,26.375438028052997,739.7308595353238,27.19799366746238
N eliya,ExponentialSmoothing,82.0430404991262,7318.323804443243,85.54720220114298
N eliya,RandomForest,12.207277777777776,515.7433664704744,22.709983850070753
N eliya,Prophet,34.01853691953594,1375.3707227496145,37.085990923118324
Polonnaruwa,ARIMA,38.65860516194261,1766.57788161669,42.03067786292163
Polonnaruwa,ExponentialSmoothing,89.09032763986532,8848.103733412476,94.06435952799804
Polonnaruwa,RandomForest,16.383763558201057,798.991559024152,28.266438739681234
Polonnaruwa,Prophet,47.099000040282476,2568.352322461939,50.678913982660866
Puttalama,ARIMA,354.4234946820361,133403.02061897924,365.2437824508163
Puttalama,ExponentialSmoothing,372.1079616571249,144842.69181782298,380.5820434779116
Puttalama,RandomForest,29.941000000000003,3594.041409230647,59.95032451313877
Puttalama,Prophet,257.59169670093564,72769.99263301205,269.759138182587
Rathnapura,ARIMA,153.93658366211014,29185.06969511168,170.83638282026368
Rathnapura,ExponentialSmoothing,428.55995012270256,195739.87013153892,442.42498814097166
Rathnapura,RandomForest,130.54494014550264,32256.700311558496,179.60150420182592
Rathnapura,Prophet,302.8585939876615,103931.12788265868,322.3835105625886
Trincomalee,ARIMA,224.37915767387025,54759.75412563339,234.00802149848067
Trincomalee,ExponentialSmoothing,1204.4937774579196,1593502.292529809,1262.3400067057246
Trincomalee,RandomForest,184.88627531265033,201611.29727424379,449.01146675140023
Trincomalee,Prophet,305.3058773154244,166373.92243003228,407.8895958835335
Vauniya,ARIMA,207.05387233888504,43440.87568288856,208.42474824955065
Vauniya,ExponentialSmoothing,521.6131176577198,300880.81846220244,548.5260417356704
Vauniya,RandomForest,19.610063161375663,1974.3119953465728,44.43323075521937
Vauniya,Prophet,55.94183735255546,3505.4640502284715,59.20695947461304
